{
  "resnet14": {
    "avg_gain": 2.256270436400717,
    ">1_ratio": 0.6045048701298701,
    ">2_ratio": 0.2727272727272727
  },
  "resnet18": {
    "avg_gain": 3.3551248598843815,
    ">1_ratio": 0.7125,
    ">2_ratio": 0.3779166666666667
  },
  "resnet34": {
    "avg_gain": 2.642767578313295,
    ">1_ratio": 0.652608082706767,
    ">2_ratio": 0.4167058270676692
  },
  "densenet14": {
    "avg_gain": 2.1283086431071614,
    ">1_ratio": 0.6809770540340488,
    ">2_ratio": 0.48861954108068095
  },
  "densenet18": {
    "avg_gain": 2.54426498938261,
    ">1_ratio": 0.6738974191440705,
    ">2_ratio": 0.4999019928128063
  },
  "densenet34": {
    "avg_gain": 2.9705812858357032,
    ">1_ratio": 0.5021378484693005,
    ">2_ratio": 0.3933885509052261
  }
}