{
  "resnet14": {
    "gamma": {
      "mean": 0.20971181988716125,
      "std": 0.19697614014148712,
      ">1_cnt": 18,
      "total": 4928
    },
    "beta": {
      "mean": -0.0801798477768898,
      "std": 0.1021677702665329
    }
  },
  "resnet18": {
    "gamma": {
      "mean": 0.1825188249349594,
      "std": 0.1892106533050537,
      ">1_cnt": 8,
      "total": 4800
    },
    "beta": {
      "mean": -0.0675710141658783,
      "std": 0.09122515469789505
    }
  },
  "resnet34": {
    "gamma": {
      "mean": 0.11261644214391708,
      "std": 0.13551539182662964,
      ">1_cnt": 0,
      "total": 8512
    },
    "beta": {
      "mean": -0.04663539677858353,
      "std": 0.06564334034919739
    }
  },
  "densenet14": {
    "gamma": {
      "mean": 0.11428480595350266,
      "std": 0.18900831043720245,
      ">1_cnt": 117,
      "total": 10808
    },
    "beta": {
      "mean": -0.033857811242341995,
      "std": 0.08457601815462112
    }
  },
  "densenet18": {
    "gamma": {
      "mean": 0.0807105079293251,
      "std": 0.15423233807086945,
      ">1_cnt": 162,
      "total": 15305
    },
    "beta": {
      "mean": -0.024891387671232224,
      "std": 0.0647801086306572
    }
  },
  "densenet34": {
    "gamma": {
      "mean": 0.03588329628109932,
      "std": 0.09751953184604645,
      ">1_cnt": 133,
      "total": 40929
    },
    "beta": {
      "mean": -0.011525910347700119,
      "std": 0.03686874359846115
    }
  }
}