{
  "reproduction-llava-v15+7b+stage-align+x7": {
    "vqa-v2": 0.0,
    "textvqa-ocr": 0.05556640624999999,
    "textvqa-pure": 0.0314453125,
    "gqa": 0.0
  },
  "soft-stage-0-after-llava-vqav2-soft-alpha-0.001": {
    "vqa-v2": 70.04,
    "textvqa-ocr": 0.493359375,
    "textvqa-pure": 0.42841796875000004,
    "gqa": 46.0
  },
  "lora-mlp-block-stage-0-after-llava-vqav2-lora-rank-128": {
    "vqa-v2": 63.63,
    "textvqa-ocr": 0.4508789062500001,
    "textvqa-pure": 0.38320312500000003,
    "gqa": 42.97
  },
  "sgm-stage-0-after-llava-vqav2-peft-policy": {
    "vqa-v2": 66.61,
    "textvqa-ocr": 0.45712890625000036,
    "textvqa-pure": 0.42080078125000003,
    "gqa": 46.58
  },
  "lora-all-linear-stage-0-after-llava-vqav2-lora-rank-128": {
    "vqa-v2": 63.85,
    "textvqa-ocr": 0.4708984375000001,
    "textvqa-pure": 0.39638671875,
    "gqa": 43.26
  },
  "lora-mlp-block-stage-0-after-llava-vqav2-lora-rank-32": {
    "vqa-v2": 64.1,
    "textvqa-ocr": 0.44960937500000014,
    "textvqa-pure": 0.38505859375,
    "gqa": 43.75
  },
  "soft-stage-0-after-llava-vqav2-soft-alpha-0.1": {
    "vqa-v2": 70.34,
    "textvqa-ocr": 0.49736328125,
    "textvqa-pure": 0.42666015625000014,
    "gqa": 45.31
  },
  "sgm-stage-0-after-llava-vqav2-soft-alpha-0.1": {
    "vqa-v2": 65.03,
    "textvqa-ocr": 0.45175781250000013,
    "textvqa-pure": 0.39619140625000016,
    "gqa": 41.8
  },
  "old-prompt-stage-0-after-llava-vqav2": {
    "vqa-v2": 49.67,
    "textvqa-ocr": 0.2097656250000001,
    "textvqa-pure": 0.18867187500000004,
    "gqa": 33.4
  },
  "stage-0-after-llava-vqav2": {
    "vqa-v2": 69.27,
    "textvqa-ocr": 0.49072265625,
    "textvqa-pure": 0.4206054687500001,
    "gqa": 45.12
  },
  "soft-stage-0-after-llava-vqav2": {
    "vqa-v2": 69.03,
    "textvqa-ocr": 0.4914062500000001,
    "textvqa-pure": 0.43691406250000014,
    "gqa": 45.21
  },
  "old-ptune-stage-0-after-llava-vqav2": {
    "vqa-v2": 52.07,
    "gqa": 35.94
  },
  "prompt-stage-0-after-llava-vqav2": {
    "vqa-v2": 48.15,
    "textvqa-ocr": 0.2125000000000001,
    "textvqa-pure": 0.2059570312500001,
    "gqa": 33.4
  },
  "reproduction-llava-v15+7b+stage-finetune+x7-authors": {
    "vqa-v2": 75.91,
    "textvqa-ocr": 0.5879882812499997,
    "textvqa-pure": 0.46630859375,
    "gqa": 60.94
  },
  "sgm-stage-0-after-llava-vqav2": {
    "vqa-v2": 65.0,
    "textvqa-ocr": 0.47724609375000016,
    "textvqa-pure": 0.4068359375000001,
    "gqa": 43.65
  },
  "reproduction-llava-v15+7b+stage-finetune+x7": {
    "vqa-v2": 74.5,
    "textvqa-ocr": 0.5627929687499998,
    "textvqa-pure": 0.45947265625000006,
    "gqa": 56.25
  },
  "sgm-stage-0-after-llava-vqav2-soft-alpha-0.001": {
    "vqa-v2": 65.33,
    "textvqa-ocr": 0.4746093750000001,
    "textvqa-pure": 0.40927734375,
    "gqa": 43.95
  },
  "ptune-stage-0-after-llava-vqav2": {
    "vqa-v2": 49.93,
    "textvqa-ocr": 0.2357421875000002,
    "textvqa-pure": 0.2260742187500002,
    "gqa": 36.33
  },
  "lora-all-linear-stage-0-after-llava-vqav2-lora-rank-32": {
    "vqa-v2": 64.13,
    "textvqa-ocr": 0.47148437500000007,
    "textvqa-pure": 0.3955078125,
    "gqa": 43.36
  }
}